"grid_id","grouping"
100000000,"flat_states"
100001073,"flat_states"
100024783,"flat_states"
100041354,"flat_states"
100047360,"flat_states"
100054604,"flat_states"
100056004,"flat_states"
100056005,"flat_states"
100089588,"flat_states"
100131318,"flat_states"
100132794,"flat_states"
100222390,"flat_states"
100238556,"flat_states"
100241760,"flat_states"
100243745,"flat_states"
100245356,"flat_states"
100247244,"flat_states"
100253792,"flat_states"
100254764,"flat_states"
100260851,"flat_states"
100341224,"flat_states"
100343035,"flat_states"
100367575,"flat_states"
100380051,"flat_states"
100380052,"flat_states"
100380097,"flat_states"
100380098,"flat_states"
100000002,"flat_states"
100000003,"flat_states"
100000004,"flat_states"
100000005,"flat_states"
100000006,"flat_states"
100000007,"flat_states"
100000008,"flat_states"
100000009,"flat_states"
100000010,"flat_states"
100000011,"flat_states"
100000012,"flat_states"
100000013,"flat_states"
100000014,"flat_states"
100000015,"flat_states"
100000016,"flat_states"
100000017,"flat_states"
100000018,"flat_states"
100000019,"flat_states"
100000020,"flat_states"
100000021,"flat_states"
100000022,"flat_states"
100000023,"flat_states"
100000024,"flat_states"
100000025,"flat_states"
100000026,"flat_states"
100000027,"flat_states"
100000028,"flat_states"
100000029,"flat_states"
100000030,"flat_states"
100000031,"flat_states"
100000032,"flat_states"
100000033,"flat_states"
100000034,"flat_states"
100000035,"flat_states"
100000365,"flat_states"
100000366,"flat_states"
100000367,"flat_states"
100000368,"flat_states"
100000369,"flat_states"
100000370,"flat_states"
100000371,"flat_states"
100000372,"flat_states"
100000373,"flat_states"
100000374,"flat_states"
100000375,"flat_states"
100000376,"flat_states"
100000377,"flat_states"
100000378,"flat_states"
100000379,"flat_states"
100000380,"flat_states"
100000381,"flat_states"
100000382,"flat_states"
100001075,"flat_states"
100001076,"flat_states"
100001077,"flat_states"
100001078,"flat_states"
100001079,"flat_states"
100001080,"flat_states"
100001081,"flat_states"
100001082,"flat_states"
100001083,"flat_states"
100001084,"flat_states"
100001085,"flat_states"
100001086,"flat_states"
100001087,"flat_states"
100001088,"flat_states"
100001089,"flat_states"
100001090,"flat_states"
100001092,"flat_states"
100001093,"flat_states"
100001094,"flat_states"
100001095,"flat_states"
100001096,"flat_states"
100001097,"flat_states"
100001098,"flat_states"
100001099,"flat_states"
100001100,"flat_states"
100001101,"flat_states"
100001102,"flat_states"
100001103,"flat_states"
100001520,"flat_states"
100001521,"flat_states"
100001522,"flat_states"
100001523,"flat_states"
100001524,"flat_states"
100001525,"flat_states"
100001526,"flat_states"
100001528,"flat_states"
100001529,"flat_states"
100001530,"flat_states"
100001531,"flat_states"
100001532,"flat_states"
100001533,"flat_states"
100001534,"flat_states"
100002261,"flat_states"
100002262,"flat_states"
100002263,"flat_states"
100002264,"flat_states"
100002265,"flat_states"
100002266,"flat_states"
100002267,"flat_states"
100002268,"flat_states"
100002269,"flat_states"
100002270,"flat_states"
100002271,"flat_states"
100002272,"flat_states"
100002273,"flat_states"
100002274,"flat_states"
100002275,"flat_states"
100002276,"flat_states"
100002277,"flat_states"
100002278,"flat_states"
100002279,"flat_states"
100002280,"flat_states"
100002281,"flat_states"
100002282,"flat_states"
100002283,"flat_states"
100002284,"flat_states"
100002789,"flat_states"
100002790,"flat_states"
100002791,"flat_states"
100002792,"flat_states"
100002793,"flat_states"
100002794,"flat_states"
100002795,"flat_states"
100002796,"flat_states"
100002797,"flat_states"
100002798,"flat_states"
100002799,"flat_states"
100002801,"flat_states"
100002802,"flat_states"
100002803,"flat_states"
100002804,"flat_states"
100002897,"flat_states"
100002898,"flat_states"
100002899,"flat_states"
100002900,"flat_states"
100002902,"flat_states"
100002903,"flat_states"
100002904,"flat_states"
100002905,"flat_states"
100002906,"flat_states"
100002907,"flat_states"
100002908,"flat_states"
100002909,"flat_states"
100002911,"flat_states"
100002912,"flat_states"
100002913,"flat_states"
100002914,"flat_states"
100002915,"flat_states"
100002916,"flat_states"
100002917,"flat_states"
100002918,"flat_states"
100002919,"flat_states"
100002920,"flat_states"
100002921,"flat_states"
100003492,"flat_states"
100003493,"flat_states"
100003494,"flat_states"
100003495,"flat_states"
100003496,"flat_states"
100003497,"flat_states"
100003498,"flat_states"
100003499,"flat_states"
100003500,"flat_states"
100005724,"flat_states"
100005725,"flat_states"
100005726,"flat_states"
100005727,"flat_states"
100005728,"flat_states"
100005729,"flat_states"
100005730,"flat_states"
100005731,"flat_states"
100005732,"flat_states"
100005733,"flat_states"
100005814,"flat_states"
100005815,"flat_states"
100005816,"flat_states"
100005817,"flat_states"
100005818,"flat_states"
100005819,"flat_states"
100005820,"flat_states"
100005821,"flat_states"
100005822,"flat_states"
100005823,"flat_states"
100005824,"flat_states"
100005825,"flat_states"
100005826,"flat_states"
100005827,"flat_states"
100005828,"flat_states"
100005829,"flat_states"
100005830,"flat_states"
100017365,"flat_states"
100017366,"flat_states"
100017367,"flat_states"
100018012,"flat_states"
100018013,"flat_states"
100018014,"flat_states"
100018015,"flat_states"
100018016,"flat_states"
100018017,"flat_states"
100018018,"flat_states"
100018019,"flat_states"
100018020,"flat_states"
100018021,"flat_states"
100018022,"flat_states"
100018023,"flat_states"
100018101,"flat_states"
100018102,"flat_states"
100018103,"flat_states"
100018105,"flat_states"
100018106,"flat_states"
100018107,"flat_states"
100018108,"flat_states"
100018109,"flat_states"
100018110,"flat_states"
100018111,"flat_states"
100018112,"flat_states"
100018113,"flat_states"
100018114,"flat_states"
100018115,"flat_states"
100018116,"flat_states"
100018117,"flat_states"
100018515,"flat_states"
100018516,"flat_states"
100018517,"flat_states"
100018518,"flat_states"
100018519,"flat_states"
100018520,"flat_states"
100018521,"flat_states"
100024290,"flat_states"
100024291,"flat_states"
100024292,"flat_states"
100024293,"flat_states"
100024294,"flat_states"
100024295,"flat_states"
100024296,"flat_states"
100024297,"flat_states"
100024298,"flat_states"
100024299,"flat_states"
100024300,"flat_states"
100024301,"flat_states"
100024302,"flat_states"
100024303,"flat_states"
100024304,"flat_states"
100024305,"flat_states"
100024306,"flat_states"
100024307,"flat_states"
100024308,"flat_states"
100024309,"flat_states"
100024310,"flat_states"
100024311,"flat_states"
100024312,"flat_states"
100024313,"flat_states"
100024314,"flat_states"
100024315,"flat_states"
100024316,"flat_states"
100024317,"flat_states"
100024582,"flat_states"
100024583,"flat_states"
100024584,"flat_states"
100024585,"flat_states"
100024586,"flat_states"
100024588,"flat_states"
100024589,"flat_states"
100024590,"flat_states"
100024591,"flat_states"
100024592,"flat_states"
100024593,"flat_states"
100024594,"flat_states"
100024595,"flat_states"
100024596,"flat_states"
100024597,"flat_states"
100024598,"flat_states"
100024599,"flat_states"
100024600,"flat_states"
100024601,"flat_states"
100024602,"flat_states"
100024603,"flat_states"
100024604,"flat_states"
100024605,"flat_states"
100024606,"flat_states"
100024607,"flat_states"
100024608,"flat_states"
100024609,"flat_states"
100024610,"flat_states"
100024611,"flat_states"
100024612,"flat_states"
100024613,"flat_states"
100024614,"flat_states"
100024615,"flat_states"
100024616,"flat_states"
100024617,"flat_states"
100024618,"flat_states"
100024619,"flat_states"
100024621,"flat_states"
100024622,"flat_states"
100024623,"flat_states"
100024785,"flat_states"
100024786,"flat_states"
100024787,"flat_states"
100024788,"flat_states"
100024789,"flat_states"
100024790,"flat_states"
100024910,"flat_states"
100024911,"flat_states"
100024912,"flat_states"
100024913,"flat_states"
100024914,"flat_states"
100024915,"flat_states"
100024917,"flat_states"
100024918,"flat_states"
100024919,"flat_states"
100024920,"flat_states"
100024921,"flat_states"
100024922,"flat_states"
100024923,"flat_states"
100024924,"flat_states"
100024925,"flat_states"
100024926,"flat_states"
100024927,"flat_states"
100024929,"flat_states"
100024930,"flat_states"
100024931,"flat_states"
100024932,"flat_states"
100024933,"flat_states"
100024934,"flat_states"
100024935,"flat_states"
100024936,"flat_states"
100024937,"flat_states"
100025353,"flat_states"
100025354,"flat_states"
100025355,"flat_states"
100025356,"flat_states"
100025357,"flat_states"
100025358,"flat_states"
100025359,"flat_states"
100025360,"flat_states"
100025361,"flat_states"
100025362,"flat_states"
100025363,"flat_states"
100025364,"flat_states"
100025365,"flat_states"
100025366,"flat_states"
100025367,"flat_states"
100025368,"flat_states"
100025369,"flat_states"
100025370,"flat_states"
100025371,"flat_states"
100025372,"flat_states"
100025373,"flat_states"
100025374,"flat_states"
100025375,"flat_states"
100025376,"flat_states"
100025377,"flat_states"
100025378,"flat_states"
100025379,"flat_states"
100041080,"flat_states"
100041081,"flat_states"
100041082,"flat_states"
100041083,"flat_states"
100041084,"flat_states"
100041085,"flat_states"
100041086,"flat_states"
100041087,"flat_states"
100041088,"flat_states"
100041089,"flat_states"
100041090,"flat_states"
100041092,"flat_states"
100041093,"flat_states"
100041094,"flat_states"
100041095,"flat_states"
100041129,"flat_states"
100041130,"flat_states"
100041131,"flat_states"
100041132,"flat_states"
100041133,"flat_states"
100041134,"flat_states"
100041135,"flat_states"
100041136,"flat_states"
100041137,"flat_states"
100041138,"flat_states"
100041139,"flat_states"
100041140,"flat_states"
100041141,"flat_states"
100041142,"flat_states"
100041143,"flat_states"
100041144,"flat_states"
100041145,"flat_states"
100041146,"flat_states"
100041147,"flat_states"
100041148,"flat_states"
100041356,"flat_states"
100041357,"flat_states"
100041358,"flat_states"
100041359,"flat_states"
100041360,"flat_states"
100041361,"flat_states"
100041362,"flat_states"
100041363,"flat_states"
100041364,"flat_states"
100041365,"flat_states"
100041366,"flat_states"
100041367,"flat_states"
100041368,"flat_states"
100041369,"flat_states"
100041370,"flat_states"
100041371,"flat_states"
100041403,"flat_states"
100041404,"flat_states"
100041405,"flat_states"
100041406,"flat_states"
100041407,"flat_states"
100041408,"flat_states"
100041409,"flat_states"
100041410,"flat_states"
100041411,"flat_states"
100041412,"flat_states"
100041413,"flat_states"
100041414,"flat_states"
100041415,"flat_states"
100041416,"flat_states"
100041417,"flat_states"
100041418,"flat_states"
100041419,"flat_states"
100041472,"flat_states"
100041473,"flat_states"
100041474,"flat_states"
100041475,"flat_states"
100041476,"flat_states"
100041477,"flat_states"
100041478,"flat_states"
100041479,"flat_states"
100041480,"flat_states"
100041481,"flat_states"
100041482,"flat_states"
100041483,"flat_states"
100041484,"flat_states"
100047362,"flat_states"
100047363,"flat_states"
100047364,"flat_states"
100047365,"flat_states"
100047366,"flat_states"
100047367,"flat_states"
100047368,"flat_states"
100047369,"flat_states"
100047370,"flat_states"
100047371,"flat_states"
100047372,"flat_states"
100047373,"flat_states"
100047374,"flat_states"
100047375,"flat_states"
100047376,"flat_states"
100047377,"flat_states"
100047378,"flat_states"
100047379,"flat_states"
100047380,"flat_states"
100047381,"flat_states"
100047382,"flat_states"
100047383,"flat_states"
100047384,"flat_states"
100047385,"flat_states"
100047386,"flat_states"
100047387,"flat_states"
100050339,"flat_states"
100050340,"flat_states"
100050341,"flat_states"
100050342,"flat_states"
100050343,"flat_states"
100050344,"flat_states"
100050345,"flat_states"
100050346,"flat_states"
100050347,"flat_states"
100050348,"flat_states"
100050349,"flat_states"
100050350,"flat_states"
100050351,"flat_states"
100050352,"flat_states"
100050353,"flat_states"
100050354,"flat_states"
100050712,"flat_states"
100050713,"flat_states"
100050714,"flat_states"
100050715,"flat_states"
100050716,"flat_states"
100050717,"flat_states"
100050718,"flat_states"
100050719,"flat_states"
100050720,"flat_states"
100050721,"flat_states"
100050722,"flat_states"
100050723,"flat_states"
100050724,"flat_states"
100050725,"flat_states"
100050726,"flat_states"
100050727,"flat_states"
100050728,"flat_states"
100050729,"flat_states"
100050730,"flat_states"
100050731,"flat_states"
100050732,"flat_states"
100050733,"flat_states"
100050734,"flat_states"
100050735,"flat_states"
100050736,"flat_states"
100050737,"flat_states"
100050738,"flat_states"
100050739,"flat_states"
100050740,"flat_states"
100050741,"flat_states"
100050742,"flat_states"
100053496,"flat_states"
100053497,"flat_states"
100053498,"flat_states"
100053499,"flat_states"
100053500,"flat_states"
100053501,"flat_states"
100053502,"flat_states"
100053503,"flat_states"
100053504,"flat_states"
100053505,"flat_states"
100053506,"flat_states"
100053507,"flat_states"
100053508,"flat_states"
100053509,"flat_states"
100053848,"flat_states"
100053849,"flat_states"
100053850,"flat_states"
100053851,"flat_states"
100053852,"flat_states"
100053853,"flat_states"
100053854,"flat_states"
100053855,"flat_states"
100053856,"flat_states"
100053857,"flat_states"
100054277,"flat_states"
100054278,"flat_states"
100054279,"flat_states"
100054280,"flat_states"
100054281,"flat_states"
100054282,"flat_states"
100054283,"flat_states"
100054284,"flat_states"
100054285,"flat_states"
100054286,"flat_states"
100054287,"flat_states"
100054288,"flat_states"
100054289,"flat_states"
100054290,"flat_states"
100054291,"flat_states"
100054292,"flat_states"
100054293,"flat_states"
100054294,"flat_states"
100054295,"flat_states"
100054296,"flat_states"
100054297,"flat_states"
100054298,"flat_states"
100054299,"flat_states"
100054300,"flat_states"
100054301,"flat_states"
100054302,"flat_states"
100054544,"flat_states"
100054545,"flat_states"
100054546,"flat_states"
100054547,"flat_states"
100054548,"flat_states"
100054549,"flat_states"
100054550,"flat_states"
100054551,"flat_states"
100054552,"flat_states"
100054553,"flat_states"
100054554,"flat_states"
100054555,"flat_states"
100054606,"flat_states"
100054607,"flat_states"
100054608,"flat_states"
100054609,"flat_states"
100054610,"flat_states"
100054611,"flat_states"
100054612,"flat_states"
100054613,"flat_states"
100054614,"flat_states"
100054615,"flat_states"
100054616,"flat_states"
100054617,"flat_states"
100054618,"flat_states"
100054619,"flat_states"
100054620,"flat_states"
100054621,"flat_states"
100054622,"flat_states"
100054623,"flat_states"
100054624,"flat_states"
100054625,"flat_states"
100054626,"flat_states"
100054627,"flat_states"
100054628,"flat_states"
100054629,"flat_states"
100054630,"flat_states"
100054631,"flat_states"
100054632,"flat_states"
100054633,"flat_states"
100054634,"flat_states"
100054635,"flat_states"
100054636,"flat_states"
100054637,"flat_states"
100055704,"flat_states"
100055705,"flat_states"
100055706,"flat_states"
100055708,"flat_states"
100055709,"flat_states"
100055710,"flat_states"
100055711,"flat_states"
100055712,"flat_states"
100055713,"flat_states"
100055714,"flat_states"
100055715,"flat_states"
100055716,"flat_states"
100055717,"flat_states"
100055718,"flat_states"
100055719,"flat_states"
100055720,"flat_states"
100055721,"flat_states"
100055722,"flat_states"
100055723,"flat_states"
100055724,"flat_states"
100055725,"flat_states"
100055726,"flat_states"
100055727,"flat_states"
100055728,"flat_states"
100055729,"flat_states"
100055731,"flat_states"
100055732,"flat_states"
100055733,"flat_states"
100055734,"flat_states"
100055735,"flat_states"
100055736,"flat_states"
100055737,"flat_states"
100055820,"flat_states"
100055821,"flat_states"
100055822,"flat_states"
100055823,"flat_states"
100055824,"flat_states"
100055825,"flat_states"
100055826,"flat_states"
100055827,"flat_states"
100055828,"flat_states"
100055829,"flat_states"
100055830,"flat_states"
100055831,"flat_states"
100055832,"flat_states"
100055833,"flat_states"
100055834,"flat_states"
100055835,"flat_states"
100056007,"flat_states"
100056008,"flat_states"
100056009,"flat_states"
100056010,"flat_states"
100056011,"flat_states"
100056012,"flat_states"
100056013,"flat_states"
100056015,"flat_states"
100056016,"flat_states"
100056017,"flat_states"
100056018,"flat_states"
100056019,"flat_states"
100056021,"flat_states"
100056022,"flat_states"
100056023,"flat_states"
100056024,"flat_states"
100056025,"flat_states"
100056026,"flat_states"
100056027,"flat_states"
100056028,"flat_states"
100056029,"flat_states"
100056030,"flat_states"
100056031,"flat_states"
100056032,"flat_states"
100056033,"flat_states"
100056034,"flat_states"
100056134,"flat_states"
100056135,"flat_states"
100056136,"flat_states"
100056137,"flat_states"
100056138,"flat_states"
100056139,"flat_states"
100056140,"flat_states"
100056141,"flat_states"
100056142,"flat_states"
100056143,"flat_states"
100056144,"flat_states"
100056145,"flat_states"
100056146,"flat_states"
100056147,"flat_states"
100056148,"flat_states"
100056149,"flat_states"
100072536,"flat_states"
100072537,"flat_states"
100072538,"flat_states"
100072539,"flat_states"
100072540,"flat_states"
100072553,"flat_states"
100072554,"flat_states"
100072555,"flat_states"
100072556,"flat_states"
100072557,"flat_states"
100072558,"flat_states"
100072559,"flat_states"
100072560,"flat_states"
100072561,"flat_states"
100072562,"flat_states"
100072564,"flat_states"
100072565,"flat_states"
100072566,"flat_states"
100072567,"flat_states"
100072568,"flat_states"
100072669,"flat_states"
100072670,"flat_states"
100072671,"flat_states"
100072672,"flat_states"
100072673,"flat_states"
100072674,"flat_states"
100072675,"flat_states"
100072676,"flat_states"
100072677,"flat_states"
100072678,"flat_states"
100072679,"flat_states"
100072680,"flat_states"
100072681,"flat_states"
100072682,"flat_states"
100072683,"flat_states"
100072684,"flat_states"
100072685,"flat_states"
100072686,"flat_states"
100072687,"flat_states"
100072688,"flat_states"
100072689,"flat_states"
100072690,"flat_states"
100072691,"flat_states"
100072692,"flat_states"
100072693,"flat_states"
100072694,"flat_states"
100072695,"flat_states"
100072696,"flat_states"
100072697,"flat_states"
100072698,"flat_states"
100072699,"flat_states"
100072700,"flat_states"
100072857,"flat_states"
100072858,"flat_states"
100072859,"flat_states"
100072860,"flat_states"
100072861,"flat_states"
100072862,"flat_states"
100072863,"flat_states"
100072864,"flat_states"
100072865,"flat_states"
100072866,"flat_states"
100072867,"flat_states"
100072868,"flat_states"
100072869,"flat_states"
100072870,"flat_states"
100072871,"flat_states"
100072872,"flat_states"
100072873,"flat_states"
100072874,"flat_states"
100072875,"flat_states"
100072876,"flat_states"
100072877,"flat_states"
100072878,"flat_states"
100072879,"flat_states"
100072880,"flat_states"
100074144,"flat_states"
100074145,"flat_states"
100074146,"flat_states"
100074147,"flat_states"
100074148,"flat_states"
100074149,"flat_states"
100074150,"flat_states"
100074151,"flat_states"
100074152,"flat_states"
100074153,"flat_states"
100074154,"flat_states"
100074155,"flat_states"
100074156,"flat_states"
100074157,"flat_states"
100074158,"flat_states"
100074159,"flat_states"
100074160,"flat_states"
100074161,"flat_states"
100074162,"flat_states"
100074163,"flat_states"
100074164,"flat_states"
100074165,"flat_states"
100074166,"flat_states"
100074167,"flat_states"
100074168,"flat_states"
100074169,"flat_states"
100074170,"flat_states"
100074515,"flat_states"
100074516,"flat_states"
100074517,"flat_states"
100074518,"flat_states"
100074519,"flat_states"
100074520,"flat_states"
100074572,"flat_states"
100074573,"flat_states"
100074574,"flat_states"
100074575,"flat_states"
100074577,"flat_states"
100074578,"flat_states"
100074579,"flat_states"
100074580,"flat_states"
100074581,"flat_states"
100074582,"flat_states"
100074583,"flat_states"
100074584,"flat_states"
100074585,"flat_states"
100074586,"flat_states"
100074587,"flat_states"
100074588,"flat_states"
100074589,"flat_states"
100074590,"flat_states"
100074591,"flat_states"
100074592,"flat_states"
100074593,"flat_states"
100074594,"flat_states"
100083319,"flat_states"
100083320,"flat_states"
100083321,"flat_states"
100083322,"flat_states"
100083323,"flat_states"
100083324,"flat_states"
100083325,"flat_states"
100083326,"flat_states"
100083327,"flat_states"
100083328,"flat_states"
100083329,"flat_states"
100083330,"flat_states"
100083331,"flat_states"
100083332,"flat_states"
100083333,"flat_states"
100083334,"flat_states"
100088243,"flat_states"
100088244,"flat_states"
100088245,"flat_states"
100088246,"flat_states"
100088247,"flat_states"
100088248,"flat_states"
100088249,"flat_states"
100088250,"flat_states"
100088251,"flat_states"
100088252,"flat_states"
100088253,"flat_states"
100089024,"flat_states"
100089025,"flat_states"
100089026,"flat_states"
100089027,"flat_states"
100089028,"flat_states"
100089568,"flat_states"
100089569,"flat_states"
100089570,"flat_states"
100089571,"flat_states"
100089572,"flat_states"
100089590,"flat_states"
100089591,"flat_states"
100089592,"flat_states"
100089593,"flat_states"
100089594,"flat_states"
100089595,"flat_states"
100089596,"flat_states"
100089597,"flat_states"
100089598,"flat_states"
100089599,"flat_states"
100089600,"flat_states"
100089601,"flat_states"
100089602,"flat_states"
100130390,"flat_states"
100130391,"flat_states"
100130392,"flat_states"
100130393,"flat_states"
100130394,"flat_states"
100130395,"flat_states"
100130427,"flat_states"
100130428,"flat_states"
100130429,"flat_states"
100130430,"flat_states"
100130432,"flat_states"
100130433,"flat_states"
100130434,"flat_states"
100130435,"flat_states"
100130436,"flat_states"
100130437,"flat_states"
100130438,"flat_states"
100130439,"flat_states"
100130440,"flat_states"
100130479,"flat_states"
100130480,"flat_states"
100130481,"flat_states"
100130482,"flat_states"
100131073,"flat_states"
100131074,"flat_states"
100131075,"flat_states"
100131076,"flat_states"
100131077,"flat_states"
100131078,"flat_states"
100131079,"flat_states"
100131080,"flat_states"
100131081,"flat_states"
100131082,"flat_states"
100131083,"flat_states"
100131084,"flat_states"
100131155,"flat_states"
100131156,"flat_states"
100131157,"flat_states"
100131158,"flat_states"
100131159,"flat_states"
100131160,"flat_states"
100131161,"flat_states"
100131162,"flat_states"
100131163,"flat_states"
100131164,"flat_states"
100131165,"flat_states"
100131166,"flat_states"
100131167,"flat_states"
100131168,"flat_states"
100131169,"flat_states"
100131171,"flat_states"
100131172,"flat_states"
100131173,"flat_states"
100131174,"flat_states"
100131175,"flat_states"
100131176,"flat_states"
100131177,"flat_states"
100131178,"flat_states"
100131179,"flat_states"
100131180,"flat_states"
100131320,"flat_states"
100131321,"flat_states"
100131322,"flat_states"
100131323,"flat_states"
100131324,"flat_states"
100131325,"flat_states"
100131326,"flat_states"
100131327,"flat_states"
100131699,"flat_states"
100131700,"flat_states"
100131734,"flat_states"
100131735,"flat_states"
100131736,"flat_states"
100131737,"flat_states"
100131738,"flat_states"
100131739,"flat_states"
100131778,"flat_states"
100131779,"flat_states"
100131780,"flat_states"
100131781,"flat_states"
100131782,"flat_states"
100131783,"flat_states"
100131784,"flat_states"
100131785,"flat_states"
100131786,"flat_states"
100131825,"flat_states"
100131826,"flat_states"
100131827,"flat_states"
100131828,"flat_states"
100131829,"flat_states"
100131830,"flat_states"
100131831,"flat_states"
100131865,"flat_states"
100131866,"flat_states"
100131867,"flat_states"
100131868,"flat_states"
100131869,"flat_states"
100131870,"flat_states"
100131871,"flat_states"
100131872,"flat_states"
100132214,"flat_states"
100132215,"flat_states"
100132216,"flat_states"
100132217,"flat_states"
100132218,"flat_states"
100132219,"flat_states"
100132220,"flat_states"
100132222,"flat_states"
100132223,"flat_states"
100132224,"flat_states"
100132225,"flat_states"
100132226,"flat_states"
100132228,"flat_states"
100132229,"flat_states"
100132230,"flat_states"
100132231,"flat_states"
100132232,"flat_states"
100132233,"flat_states"
100132234,"flat_states"
100132235,"flat_states"
100132236,"flat_states"
100132237,"flat_states"
100132238,"flat_states"
100132239,"flat_states"
100132240,"flat_states"
100132241,"flat_states"
100132242,"flat_states"
100132243,"flat_states"
100132244,"flat_states"
100132245,"flat_states"
100132246,"flat_states"
100132247,"flat_states"
100132248,"flat_states"
100132249,"flat_states"
100132605,"flat_states"
100132606,"flat_states"
100132629,"flat_states"
100132630,"flat_states"
100132631,"flat_states"
100132632,"flat_states"
100132633,"flat_states"
100132634,"flat_states"
100132635,"flat_states"
100132636,"flat_states"
100132637,"flat_states"
100132638,"flat_states"
100132639,"flat_states"
100132640,"flat_states"
100132641,"flat_states"
100132642,"flat_states"
100132643,"flat_states"
100132644,"flat_states"
100132645,"flat_states"
100132646,"flat_states"
100132647,"flat_states"
100132649,"flat_states"
100132650,"flat_states"
100132651,"flat_states"
100132652,"flat_states"
100132653,"flat_states"
100132654,"flat_states"
100132655,"flat_states"
100132656,"flat_states"
100132657,"flat_states"
100132658,"flat_states"
100132776,"flat_states"
100132777,"flat_states"
100132778,"flat_states"
100132779,"flat_states"
100132780,"flat_states"
100132781,"flat_states"
100132782,"flat_states"
100132783,"flat_states"
100132784,"flat_states"
100132785,"flat_states"
100132786,"flat_states"
100132787,"flat_states"
100132788,"flat_states"
100132789,"flat_states"
100132790,"flat_states"
100132791,"flat_states"
100132792,"flat_states"
100132793,"flat_states"
100132796,"flat_states"
100132797,"flat_states"
100132798,"flat_states"
100132799,"flat_states"
100132800,"flat_states"
100132801,"flat_states"
100132802,"flat_states"
100132803,"flat_states"
100132804,"flat_states"
100132805,"flat_states"
100132806,"flat_states"
100132807,"flat_states"
100132808,"flat_states"
100132809,"flat_states"
100132810,"flat_states"
100132811,"flat_states"
100132812,"flat_states"
100132813,"flat_states"
100133113,"flat_states"
100133114,"flat_states"
100133115,"flat_states"
100133116,"flat_states"
100133117,"flat_states"
100133118,"flat_states"
100133119,"flat_states"
100133120,"flat_states"
100133121,"flat_states"
100133122,"flat_states"
100133123,"flat_states"
100133124,"flat_states"
100133125,"flat_states"
100133126,"flat_states"
100133127,"flat_states"
100133128,"flat_states"
100133129,"flat_states"
100133130,"flat_states"
100133131,"flat_states"
100133132,"flat_states"
100133133,"flat_states"
100133695,"flat_states"
100133696,"flat_states"
100133697,"flat_states"
100133698,"flat_states"
100133699,"flat_states"
100133700,"flat_states"
100133701,"flat_states"
100133702,"flat_states"
100133703,"flat_states"
100133704,"flat_states"
100134423,"flat_states"
100134424,"flat_states"
100134425,"flat_states"
100134426,"flat_states"
100134427,"flat_states"
100134428,"flat_states"
100134429,"flat_states"
100134430,"flat_states"
100134431,"flat_states"
100134432,"flat_states"
100134433,"flat_states"
100134434,"flat_states"
100134435,"flat_states"
100134436,"flat_states"
100134437,"flat_states"
100134438,"flat_states"
100134439,"flat_states"
100134440,"flat_states"
100134441,"flat_states"
100134442,"flat_states"
100134611,"flat_states"
100134612,"flat_states"
100134613,"flat_states"
100134614,"flat_states"
100134615,"flat_states"
100134616,"flat_states"
100134617,"flat_states"
100134618,"flat_states"
100134619,"flat_states"
100134620,"flat_states"
100134621,"flat_states"
100134622,"flat_states"
100134623,"flat_states"
100134624,"flat_states"
100134625,"flat_states"
100134626,"flat_states"
100134627,"flat_states"
100134628,"flat_states"
100134629,"flat_states"
100134630,"flat_states"
100134631,"flat_states"
100134632,"flat_states"
100134633,"flat_states"
100134634,"flat_states"
100134635,"flat_states"
100134636,"flat_states"
100134637,"flat_states"
100134638,"flat_states"
100134639,"flat_states"
100134640,"flat_states"
100134641,"flat_states"
100134642,"flat_states"
100134643,"flat_states"
100219317,"flat_states"
100219318,"flat_states"
100219319,"flat_states"
100219320,"flat_states"
100219321,"flat_states"
100219322,"flat_states"
100219348,"flat_states"
100219349,"flat_states"
100219350,"flat_states"
100219351,"flat_states"
100219352,"flat_states"
100219353,"flat_states"
100219354,"flat_states"
100219355,"flat_states"
100219356,"flat_states"
100219357,"flat_states"
100219358,"flat_states"
100219359,"flat_states"
100219360,"flat_states"
100219361,"flat_states"
100219362,"flat_states"
100219363,"flat_states"
100219364,"flat_states"
100219365,"flat_states"
100219366,"flat_states"
100219367,"flat_states"
100219368,"flat_states"
100219369,"flat_states"
100219370,"flat_states"
100219371,"flat_states"
100219372,"flat_states"
100219373,"flat_states"
100219374,"flat_states"
100219375,"flat_states"
100219376,"flat_states"
100219377,"flat_states"
100219378,"flat_states"
100219379,"flat_states"
100219380,"flat_states"
100219381,"flat_states"
100219382,"flat_states"
100219383,"flat_states"
100222392,"flat_states"
100222393,"flat_states"
100222394,"flat_states"
100222395,"flat_states"
100222396,"flat_states"
100222397,"flat_states"
100222398,"flat_states"
100222399,"flat_states"
100222400,"flat_states"
100222401,"flat_states"
100222402,"flat_states"
100222403,"flat_states"
100222404,"flat_states"
100222405,"flat_states"
100222406,"flat_states"
100222407,"flat_states"
100222408,"flat_states"
100222409,"flat_states"
100222410,"flat_states"
100222411,"flat_states"
100222412,"flat_states"
100222413,"flat_states"
100222414,"flat_states"
100222415,"flat_states"
100222416,"flat_states"
100222417,"flat_states"
100222419,"flat_states"
100222420,"flat_states"
100222421,"flat_states"
100222422,"flat_states"
100222423,"flat_states"
100222424,"flat_states"
100222425,"flat_states"
100222426,"flat_states"
100222427,"flat_states"
100222428,"flat_states"
100222429,"flat_states"
100222430,"flat_states"
100222431,"flat_states"
100222432,"flat_states"
100222433,"flat_states"
100222434,"flat_states"
100222435,"flat_states"
100222436,"flat_states"
100222437,"flat_states"
100222438,"flat_states"
100222439,"flat_states"
100222440,"flat_states"
100222441,"flat_states"
100222442,"flat_states"
100222443,"flat_states"
100222444,"flat_states"
100222445,"flat_states"
100222446,"flat_states"
100222447,"flat_states"
100222448,"flat_states"
100222449,"flat_states"
100222719,"flat_states"
100222720,"flat_states"
100222721,"flat_states"
100222722,"flat_states"
100222723,"flat_states"
100222724,"flat_states"
100222725,"flat_states"
100222726,"flat_states"
100222727,"flat_states"
100222728,"flat_states"
100222729,"flat_states"
100222730,"flat_states"
100222731,"flat_states"
100222732,"flat_states"
100222733,"flat_states"
100222734,"flat_states"
100222735,"flat_states"
100222736,"flat_states"
100222840,"flat_states"
100222841,"flat_states"
100222842,"flat_states"
100222843,"flat_states"
100222844,"flat_states"
100222845,"flat_states"
100222846,"flat_states"
100222847,"flat_states"
100222968,"flat_states"
100222969,"flat_states"
100222970,"flat_states"
100222971,"flat_states"
100222972,"flat_states"
100222973,"flat_states"
100222974,"flat_states"
100222976,"flat_states"
100222977,"flat_states"
100222978,"flat_states"
100222979,"flat_states"
100222980,"flat_states"
100222981,"flat_states"
100222982,"flat_states"
100222983,"flat_states"
100222984,"flat_states"
100222985,"flat_states"
100222986,"flat_states"
100222987,"flat_states"
100222988,"flat_states"
100222989,"flat_states"
100222990,"flat_states"
100222991,"flat_states"
100222992,"flat_states"
100222993,"flat_states"
100222994,"flat_states"
100222995,"flat_states"
100231207,"flat_states"
100231208,"flat_states"
100231209,"flat_states"
100231210,"flat_states"
100231211,"flat_states"
100231212,"flat_states"
100231213,"flat_states"
100231214,"flat_states"
100231215,"flat_states"
100231216,"flat_states"
100231217,"flat_states"
100231218,"flat_states"
100231219,"flat_states"
100231220,"flat_states"
100231222,"flat_states"
100231223,"flat_states"
100231224,"flat_states"
100231225,"flat_states"
100231226,"flat_states"
100231227,"flat_states"
100231228,"flat_states"
100231229,"flat_states"
100231230,"flat_states"
100231231,"flat_states"
100231232,"flat_states"
100231233,"flat_states"
100231235,"flat_states"
100231236,"flat_states"
100231237,"flat_states"
100231238,"flat_states"
100231239,"flat_states"
100231240,"flat_states"
100231241,"flat_states"
100231242,"flat_states"
100231243,"flat_states"
100231244,"flat_states"
100231245,"flat_states"
100231246,"flat_states"
100231300,"flat_states"
100231301,"flat_states"
100231302,"flat_states"
100231303,"flat_states"
100231304,"flat_states"
100231305,"flat_states"
100231306,"flat_states"
100231307,"flat_states"
100231308,"flat_states"
100231309,"flat_states"
100231310,"flat_states"
100231311,"flat_states"
100231312,"flat_states"
100231313,"flat_states"
100231314,"flat_states"
100231315,"flat_states"
100231316,"flat_states"
100231317,"flat_states"
100231318,"flat_states"
100231319,"flat_states"
100231320,"flat_states"
100231321,"flat_states"
100231322,"flat_states"
100231323,"flat_states"
100231324,"flat_states"
100231325,"flat_states"
100231326,"flat_states"
100231327,"flat_states"
100231328,"flat_states"
100231329,"flat_states"
100231330,"flat_states"
100231331,"flat_states"
100231332,"flat_states"
100231333,"flat_states"
100231334,"flat_states"
100231335,"flat_states"
100231336,"flat_states"
100231337,"flat_states"
100231338,"flat_states"
100231339,"flat_states"
100231340,"flat_states"
100231341,"flat_states"
100231342,"flat_states"
100231343,"flat_states"
100231344,"flat_states"
100231345,"flat_states"
100231346,"flat_states"
100233159,"flat_states"
100233160,"flat_states"
100233161,"flat_states"
100233162,"flat_states"
100233163,"flat_states"
100233164,"flat_states"
100233165,"flat_states"
100233166,"flat_states"
100233167,"flat_states"
100233168,"flat_states"
100233169,"flat_states"
100233170,"flat_states"
100233171,"flat_states"
100233172,"flat_states"
100233348,"flat_states"
100233349,"flat_states"
100233350,"flat_states"
100233351,"flat_states"
100233352,"flat_states"
100233353,"flat_states"
100233354,"flat_states"
100233355,"flat_states"
100233356,"flat_states"
100233357,"flat_states"
100233358,"flat_states"
100233359,"flat_states"
100233360,"flat_states"
100233361,"flat_states"
100233362,"flat_states"
100233363,"flat_states"
100233364,"flat_states"
100233365,"flat_states"
100233366,"flat_states"
100233367,"flat_states"
100233368,"flat_states"
100233369,"flat_states"
100233370,"flat_states"
100233371,"flat_states"
100233372,"flat_states"
100233373,"flat_states"
100233374,"flat_states"
100233375,"flat_states"
100233376,"flat_states"
100233377,"flat_states"
100233378,"flat_states"
100233379,"flat_states"
100233380,"flat_states"
100233381,"flat_states"
100233382,"flat_states"
100233383,"flat_states"
100233384,"flat_states"
100233385,"flat_states"
100233386,"flat_states"
100233387,"flat_states"
100233388,"flat_states"
100233389,"flat_states"
100233390,"flat_states"
100233391,"flat_states"
100233392,"flat_states"
100233393,"flat_states"
100233394,"flat_states"
100235143,"flat_states"
100235144,"flat_states"
100235145,"flat_states"
100235146,"flat_states"
100235147,"flat_states"
100235148,"flat_states"
100235149,"flat_states"
100235150,"flat_states"
100235151,"flat_states"
100235197,"flat_states"
100235198,"flat_states"
100235199,"flat_states"
100235200,"flat_states"
100235201,"flat_states"
100235202,"flat_states"
100235203,"flat_states"
100235204,"flat_states"
100235205,"flat_states"
100235206,"flat_states"
100235207,"flat_states"
100235208,"flat_states"
100235209,"flat_states"
100235210,"flat_states"
100235211,"flat_states"
100235212,"flat_states"
100235213,"flat_states"
100235214,"flat_states"
100235215,"flat_states"
100235216,"flat_states"
100235217,"flat_states"
100235218,"flat_states"
100235219,"flat_states"
100235220,"flat_states"
100235221,"flat_states"
100238558,"flat_states"
100238559,"flat_states"
100238560,"flat_states"
100238561,"flat_states"
100238562,"flat_states"
100238563,"flat_states"
100238564,"flat_states"
100238565,"flat_states"
100238566,"flat_states"
100238567,"flat_states"
100238568,"flat_states"
100238569,"flat_states"
100238570,"flat_states"
100238571,"flat_states"
100238573,"flat_states"
100238574,"flat_states"
100238575,"flat_states"
100238576,"flat_states"
100238577,"flat_states"
100238578,"flat_states"
100238579,"flat_states"
100238580,"flat_states"
100238581,"flat_states"
100238582,"flat_states"
100238583,"flat_states"
100238584,"flat_states"
100238585,"flat_states"
100238586,"flat_states"
100238587,"flat_states"
100238588,"flat_states"
100238589,"flat_states"
100238820,"flat_states"
100238821,"flat_states"
100238822,"flat_states"
100238823,"flat_states"
100238824,"flat_states"
100238825,"flat_states"
100238827,"flat_states"
100238828,"flat_states"
100238829,"flat_states"
100238830,"flat_states"
100238831,"flat_states"
100238832,"flat_states"
100238833,"flat_states"
100238834,"flat_states"
100238835,"flat_states"
100238836,"flat_states"
100238837,"flat_states"
100238838,"flat_states"
100238839,"flat_states"
100238840,"flat_states"
100238841,"flat_states"
100238842,"flat_states"
100238843,"flat_states"
100238844,"flat_states"
100238988,"flat_states"
100238989,"flat_states"
100238990,"flat_states"
100238991,"flat_states"
100238992,"flat_states"
100238993,"flat_states"
100238994,"flat_states"
100238995,"flat_states"
100240595,"flat_states"
100240596,"flat_states"
100240597,"flat_states"
100240598,"flat_states"
100240599,"flat_states"
100240600,"flat_states"
100240601,"flat_states"
100240602,"flat_states"
100240603,"flat_states"
100240604,"flat_states"
100240605,"flat_states"
100240606,"flat_states"
100240607,"flat_states"
100240608,"flat_states"
100240609,"flat_states"
100240982,"flat_states"
100240983,"flat_states"
100240984,"flat_states"
100240985,"flat_states"
100240986,"flat_states"
100240987,"flat_states"
100240988,"flat_states"
100240989,"flat_states"
100240990,"flat_states"
100240991,"flat_states"
100240992,"flat_states"
100240993,"flat_states"
100240994,"flat_states"
100240995,"flat_states"
100240996,"flat_states"
100240997,"flat_states"
100240998,"flat_states"
100240999,"flat_states"
100241000,"flat_states"
100241001,"flat_states"
100241002,"flat_states"
100241003,"flat_states"
100241005,"flat_states"
100241006,"flat_states"
100241007,"flat_states"
100241008,"flat_states"
100241009,"flat_states"
100241010,"flat_states"
100241011,"flat_states"
100241012,"flat_states"
100241013,"flat_states"
100241014,"flat_states"
100241016,"flat_states"
100241017,"flat_states"
100241018,"flat_states"
100241019,"flat_states"
100241020,"flat_states"
100241021,"flat_states"
100241022,"flat_states"
100241023,"flat_states"
100241024,"flat_states"
100241025,"flat_states"
100241026,"flat_states"
100241028,"flat_states"
100241029,"flat_states"
100241030,"flat_states"
100241031,"flat_states"
100241032,"flat_states"
100241033,"flat_states"
100241034,"flat_states"
100241035,"flat_states"
100241036,"flat_states"
100241037,"flat_states"
100241038,"flat_states"
100241039,"flat_states"
100241040,"flat_states"
100241041,"flat_states"
100241042,"flat_states"
100241043,"flat_states"
100241044,"flat_states"
100241045,"flat_states"
100241046,"flat_states"
100241047,"flat_states"
100241048,"flat_states"
100241049,"flat_states"
100241050,"flat_states"
100241051,"flat_states"
100241052,"flat_states"
100241377,"flat_states"
100241378,"flat_states"
100241379,"flat_states"
100241380,"flat_states"
100241381,"flat_states"
100241382,"flat_states"
100241383,"flat_states"
100241384,"flat_states"
100241385,"flat_states"
100241386,"flat_states"
100241388,"flat_states"
100241389,"flat_states"
100241390,"flat_states"
100241391,"flat_states"
100241392,"flat_states"
100241393,"flat_states"
100241394,"flat_states"
100241395,"flat_states"
100241396,"flat_states"
100241397,"flat_states"
100241447,"flat_states"
100241448,"flat_states"
100241449,"flat_states"
100241718,"flat_states"
100241719,"flat_states"
100241720,"flat_states"
100241721,"flat_states"
100241722,"flat_states"
100241750,"flat_states"
100241751,"flat_states"
100241766,"flat_states"
100241767,"flat_states"
100241768,"flat_states"
100241769,"flat_states"
100241770,"flat_states"
100241771,"flat_states"
100241772,"flat_states"
100241773,"flat_states"
100241774,"flat_states"
100241775,"flat_states"
100241794,"flat_states"
100243747,"flat_states"
100243748,"flat_states"
100243749,"flat_states"
100243750,"flat_states"
100243751,"flat_states"
100243752,"flat_states"
100243753,"flat_states"
100243754,"flat_states"
100243755,"flat_states"
100243756,"flat_states"
100243757,"flat_states"
100243758,"flat_states"
100243759,"flat_states"
100243760,"flat_states"
100243761,"flat_states"
100243762,"flat_states"
100243763,"flat_states"
100243764,"flat_states"
100243765,"flat_states"
100243766,"flat_states"
100243767,"flat_states"
100243768,"flat_states"
100243769,"flat_states"
100243770,"flat_states"
100243771,"flat_states"
100243772,"flat_states"
100243773,"flat_states"
100243774,"flat_states"
100243775,"flat_states"
100243776,"flat_states"
100243777,"flat_states"
100243778,"flat_states"
100243779,"flat_states"
100243780,"flat_states"
100243781,"flat_states"
100243782,"flat_states"
100243783,"flat_states"
100243785,"flat_states"
100243786,"flat_states"
100243787,"flat_states"
100243788,"flat_states"
100243789,"flat_states"
100243790,"flat_states"
100245358,"flat_states"
100245359,"flat_states"
100245360,"flat_states"
100245361,"flat_states"
100245362,"flat_states"
100245363,"flat_states"
100245364,"flat_states"
100245365,"flat_states"
100245366,"flat_states"
100245367,"flat_states"
100245368,"flat_states"
100245369,"flat_states"
100245370,"flat_states"
100245371,"flat_states"
100245372,"flat_states"
100245373,"flat_states"
100245374,"flat_states"
100245375,"flat_states"
100245376,"flat_states"
100245377,"flat_states"
100245378,"flat_states"
100245379,"flat_states"
100245380,"flat_states"
100245381,"flat_states"
100245382,"flat_states"
100245383,"flat_states"
100245384,"flat_states"
100245385,"flat_states"
100245386,"flat_states"
100245387,"flat_states"
100245388,"flat_states"
100245389,"flat_states"
100247246,"flat_states"
100247247,"flat_states"
100247248,"flat_states"
100247249,"flat_states"
100247250,"flat_states"
100247251,"flat_states"
100247252,"flat_states"
100247253,"flat_states"
100247254,"flat_states"
100247255,"flat_states"
100247256,"flat_states"
100247257,"flat_states"
100247258,"flat_states"
100247259,"flat_states"
100247260,"flat_states"
100247261,"flat_states"
100247262,"flat_states"
100247263,"flat_states"
100247264,"flat_states"
100247265,"flat_states"
100247266,"flat_states"
100247267,"flat_states"
100247268,"flat_states"
100247269,"flat_states"
100247270,"flat_states"
100247271,"flat_states"
100247272,"flat_states"
100247273,"flat_states"
100247274,"flat_states"
100247275,"flat_states"
100247276,"flat_states"
100247277,"flat_states"
100247278,"flat_states"
100247279,"flat_states"
100247280,"flat_states"
100247281,"flat_states"
100247282,"flat_states"
100247283,"flat_states"
100247284,"flat_states"
100247285,"flat_states"
100247286,"flat_states"
100247287,"flat_states"
100247288,"flat_states"
100247289,"flat_states"
100247290,"flat_states"
100247291,"flat_states"
100247292,"flat_states"
100247293,"flat_states"
100247294,"flat_states"
100247295,"flat_states"
100247296,"flat_states"
100247297,"flat_states"
100247298,"flat_states"
100247299,"flat_states"
100247300,"flat_states"
100247301,"flat_states"
100247302,"flat_states"
100247303,"flat_states"
100247304,"flat_states"
100247305,"flat_states"
100247306,"flat_states"
100247307,"flat_states"
100247308,"flat_states"
100247309,"flat_states"
100247310,"flat_states"
100247311,"flat_states"
100247312,"flat_states"
100247313,"flat_states"
100247314,"flat_states"
100247315,"flat_states"
100247316,"flat_states"
100247317,"flat_states"
100247318,"flat_states"
100247319,"flat_states"
100247320,"flat_states"
100247321,"flat_states"
100247322,"flat_states"
100247323,"flat_states"
100247324,"flat_states"
100247325,"flat_states"
100247326,"flat_states"
100247327,"flat_states"
100247328,"flat_states"
100247329,"flat_states"
100247330,"flat_states"
100247332,"flat_states"
100247333,"flat_states"
100247334,"flat_states"
100247335,"flat_states"
100247336,"flat_states"
100247337,"flat_states"
100247338,"flat_states"
100247339,"flat_states"
100247340,"flat_states"
100248385,"flat_states"
100248386,"flat_states"
100248387,"flat_states"
100248388,"flat_states"
100248389,"flat_states"
100248459,"flat_states"
100248460,"flat_states"
100248461,"flat_states"
100248462,"flat_states"
100248463,"flat_states"
100248464,"flat_states"
100248465,"flat_states"
100248466,"flat_states"
100248467,"flat_states"
100248468,"flat_states"
100248469,"flat_states"
100248470,"flat_states"
100248471,"flat_states"
100248472,"flat_states"
100248473,"flat_states"
100248824,"flat_states"
100248825,"flat_states"
100248826,"flat_states"
100248827,"flat_states"
100248828,"flat_states"
100248829,"flat_states"
100248830,"flat_states"
100248831,"flat_states"
100248832,"flat_states"
100248833,"flat_states"
100248834,"flat_states"
100248835,"flat_states"
100248836,"flat_states"
100248837,"flat_states"
100248838,"flat_states"
100248839,"flat_states"
100248840,"flat_states"
100248841,"flat_states"
100248842,"flat_states"
100248843,"flat_states"
100248844,"flat_states"
100248846,"flat_states"
100248847,"flat_states"
100248848,"flat_states"
100248849,"flat_states"
100248850,"flat_states"
100248851,"flat_states"
100248852,"flat_states"
100248853,"flat_states"
100248854,"flat_states"
100248855,"flat_states"
100248856,"flat_states"
100248857,"flat_states"
100248858,"flat_states"
100248859,"flat_states"
100248860,"flat_states"
100248861,"flat_states"
100248862,"flat_states"
100248863,"flat_states"
100248864,"flat_states"
100248865,"flat_states"
100248866,"flat_states"
100248867,"flat_states"
100249196,"flat_states"
100249197,"flat_states"
100249198,"flat_states"
100249199,"flat_states"
100249201,"flat_states"
100249202,"flat_states"
100249203,"flat_states"
100249204,"flat_states"
100249205,"flat_states"
100249206,"flat_states"
100249207,"flat_states"
100249208,"flat_states"
100249209,"flat_states"
100249210,"flat_states"
100249211,"flat_states"
100249755,"flat_states"
100249756,"flat_states"
100249757,"flat_states"
100249758,"flat_states"
100249759,"flat_states"
100249760,"flat_states"
100249761,"flat_states"
100249762,"flat_states"
100249763,"flat_states"
100249764,"flat_states"
100249765,"flat_states"
100249766,"flat_states"
100249767,"flat_states"
100249813,"flat_states"
100249814,"flat_states"
100249815,"flat_states"
100249817,"flat_states"
100249818,"flat_states"
100249819,"flat_states"
100249820,"flat_states"
100249854,"flat_states"
100249855,"flat_states"
100249856,"flat_states"
100249857,"flat_states"
100249858,"flat_states"
100249859,"flat_states"
100249860,"flat_states"
100249861,"flat_states"
100249862,"flat_states"
100249863,"flat_states"
100249864,"flat_states"
100249865,"flat_states"
100249867,"flat_states"
100249868,"flat_states"
100249869,"flat_states"
100249870,"flat_states"
100249871,"flat_states"
100249872,"flat_states"
100249873,"flat_states"
100249874,"flat_states"
100249875,"flat_states"
100249876,"flat_states"
100249877,"flat_states"
100249878,"flat_states"
100249879,"flat_states"
100249880,"flat_states"
100249881,"flat_states"
100249882,"flat_states"
100249883,"flat_states"
100249884,"flat_states"
100249885,"flat_states"
100249886,"flat_states"
100249887,"flat_states"
100249888,"flat_states"
100249889,"flat_states"
100249890,"flat_states"
100249891,"flat_states"
100249892,"flat_states"
100249893,"flat_states"
100249894,"flat_states"
100253278,"flat_states"
100253279,"flat_states"
100253280,"flat_states"
100253281,"flat_states"
100253282,"flat_states"
100253283,"flat_states"
100253284,"flat_states"
100253285,"flat_states"
100253286,"flat_states"
100253287,"flat_states"
100253288,"flat_states"
100253289,"flat_states"
100253290,"flat_states"
100253291,"flat_states"
100253292,"flat_states"
100253293,"flat_states"
100253439,"flat_states"
100253440,"flat_states"
100253441,"flat_states"
100253442,"flat_states"
100253443,"flat_states"
100253444,"flat_states"
100253445,"flat_states"
100253446,"flat_states"
100253447,"flat_states"
100253448,"flat_states"
100253449,"flat_states"
100253450,"flat_states"
100253451,"flat_states"
100253452,"flat_states"
100253453,"flat_states"
100253454,"flat_states"
100253455,"flat_states"
100253457,"flat_states"
100253458,"flat_states"
100253459,"flat_states"
100253460,"flat_states"
100253461,"flat_states"
100253462,"flat_states"
100253463,"flat_states"
100253464,"flat_states"
100253465,"flat_states"
100253466,"flat_states"
100253467,"flat_states"
100253468,"flat_states"
100253469,"flat_states"
100253578,"flat_states"
100253579,"flat_states"
100253580,"flat_states"
100253617,"flat_states"
100253618,"flat_states"
100253619,"flat_states"
100253620,"flat_states"
100253621,"flat_states"
100253622,"flat_states"
100253623,"flat_states"
100253624,"flat_states"
100253794,"flat_states"
100253795,"flat_states"
100253796,"flat_states"
100253797,"flat_states"
100253798,"flat_states"
100253799,"flat_states"
100253800,"flat_states"
100253801,"flat_states"
100253802,"flat_states"
100253803,"flat_states"
100253804,"flat_states"
100253805,"flat_states"
100253806,"flat_states"
100253807,"flat_states"
100253808,"flat_states"
100253809,"flat_states"
100253810,"flat_states"
100253811,"flat_states"
100253812,"flat_states"
100253813,"flat_states"
100253814,"flat_states"
100253815,"flat_states"
100253816,"flat_states"
100253817,"flat_states"
100253818,"flat_states"
100253819,"flat_states"
100253820,"flat_states"
100253821,"flat_states"
100253822,"flat_states"
100253823,"flat_states"
100253824,"flat_states"
100253825,"flat_states"
100253826,"flat_states"
100253827,"flat_states"
100253828,"flat_states"
100253829,"flat_states"
100253830,"flat_states"
100254607,"flat_states"
100254608,"flat_states"
100254609,"flat_states"
100254610,"flat_states"
100254611,"flat_states"
100254612,"flat_states"
100254613,"flat_states"
100254614,"flat_states"
100254615,"flat_states"
100254616,"flat_states"
100254617,"flat_states"
100254618,"flat_states"
100254619,"flat_states"
100254620,"flat_states"
100254621,"flat_states"
100254622,"flat_states"
100254623,"flat_states"
100254624,"flat_states"
100254766,"flat_states"
100254767,"flat_states"
100254768,"flat_states"
100254769,"flat_states"
100254770,"flat_states"
100254771,"flat_states"
100254772,"flat_states"
100254773,"flat_states"
100254774,"flat_states"
100254775,"flat_states"
100254776,"flat_states"
100254777,"flat_states"
100254778,"flat_states"
100254779,"flat_states"
100255272,"flat_states"
100255273,"flat_states"
100255274,"flat_states"
100255275,"flat_states"
100255276,"flat_states"
100255277,"flat_states"
100255278,"flat_states"
100255279,"flat_states"
100255280,"flat_states"
100255281,"flat_states"
100255282,"flat_states"
100255283,"flat_states"
100255284,"flat_states"
100255285,"flat_states"
100255286,"flat_states"
100255287,"flat_states"
100255288,"flat_states"
100255289,"flat_states"
100255290,"flat_states"
100255730,"flat_states"
100255731,"flat_states"
100255732,"flat_states"
100255733,"flat_states"
100255734,"flat_states"
100259808,"flat_states"
100259809,"flat_states"
100259810,"flat_states"
100259811,"flat_states"
100259812,"flat_states"
100259813,"flat_states"
100259814,"flat_states"
100259815,"flat_states"
100259816,"flat_states"
100259817,"flat_states"
100259818,"flat_states"
100259819,"flat_states"
100259820,"flat_states"
100259821,"flat_states"
100259823,"flat_states"
100259824,"flat_states"
100259825,"flat_states"
100259826,"flat_states"
100259827,"flat_states"
100259828,"flat_states"
100259829,"flat_states"
100259830,"flat_states"
100259831,"flat_states"
100259832,"flat_states"
100259833,"flat_states"
100259834,"flat_states"
100259835,"flat_states"
100259836,"flat_states"
100259837,"flat_states"
100259838,"flat_states"
100259839,"flat_states"
100259840,"flat_states"
100259841,"flat_states"
100259918,"flat_states"
100259919,"flat_states"
100259920,"flat_states"
100259921,"flat_states"
100259922,"flat_states"
100259923,"flat_states"
100259924,"flat_states"
100259925,"flat_states"
100259926,"flat_states"
100259927,"flat_states"
100259928,"flat_states"
100259979,"flat_states"
100259980,"flat_states"
100259981,"flat_states"
100259982,"flat_states"
100259983,"flat_states"
100259984,"flat_states"
100259985,"flat_states"
100259986,"flat_states"
100260161,"flat_states"
100260162,"flat_states"
100260163,"flat_states"
100260164,"flat_states"
100260165,"flat_states"
100260166,"flat_states"
100260167,"flat_states"
100260168,"flat_states"
100260169,"flat_states"
100260170,"flat_states"
100260171,"flat_states"
100260172,"flat_states"
100260173,"flat_states"
100260853,"flat_states"
100260854,"flat_states"
100260855,"flat_states"
100260856,"flat_states"
100260857,"flat_states"
100260858,"flat_states"
100260859,"flat_states"
100260860,"flat_states"
100260861,"flat_states"
100260862,"flat_states"
100260863,"flat_states"
100260864,"flat_states"
100260865,"flat_states"
100260866,"flat_states"
100260867,"flat_states"
100260868,"flat_states"
100260869,"flat_states"
100260870,"flat_states"
100260871,"flat_states"
100260872,"flat_states"
100260873,"flat_states"
100260874,"flat_states"
100260875,"flat_states"
100260876,"flat_states"
100260877,"flat_states"
100260878,"flat_states"
100262890,"flat_states"
100262891,"flat_states"
100262892,"flat_states"
100262893,"flat_states"
100262894,"flat_states"
100262895,"flat_states"
100262896,"flat_states"
100262897,"flat_states"
100262898,"flat_states"
100262899,"flat_states"
100262900,"flat_states"
100262901,"flat_states"
100262902,"flat_states"
100262903,"flat_states"
100262904,"flat_states"
100262905,"flat_states"
100262906,"flat_states"
100262907,"flat_states"
100262908,"flat_states"
100262909,"flat_states"
100262910,"flat_states"
100262911,"flat_states"
100262912,"flat_states"
100262913,"flat_states"
100262914,"flat_states"
100262915,"flat_states"
100262916,"flat_states"
100262917,"flat_states"
100262918,"flat_states"
100262919,"flat_states"
100262920,"flat_states"
100262921,"flat_states"
100262922,"flat_states"
100262923,"flat_states"
100262924,"flat_states"
100262925,"flat_states"
100262926,"flat_states"
100262927,"flat_states"
100262928,"flat_states"
100262929,"flat_states"
100262930,"flat_states"
100262931,"flat_states"
100262932,"flat_states"
100262933,"flat_states"
100262934,"flat_states"
100262935,"flat_states"
100262936,"flat_states"
100262937,"flat_states"
100262938,"flat_states"
100262939,"flat_states"
100262940,"flat_states"
100262941,"flat_states"
100262942,"flat_states"
100262943,"flat_states"
100262944,"flat_states"
100262945,"flat_states"
100262946,"flat_states"
100262947,"flat_states"
100262948,"flat_states"
100262949,"flat_states"
100262950,"flat_states"
100262951,"flat_states"
100262952,"flat_states"
100262953,"flat_states"
100262954,"flat_states"
100262955,"flat_states"
100262956,"flat_states"
100262957,"flat_states"
100262958,"flat_states"
100262959,"flat_states"
100262960,"flat_states"
100262961,"flat_states"
100262962,"flat_states"
100262963,"flat_states"
100262964,"flat_states"
100262965,"flat_states"
100262966,"flat_states"
100262967,"flat_states"
100262968,"flat_states"
100262969,"flat_states"
100262970,"flat_states"
100306567,"flat_states"
100306568,"flat_states"
100306569,"flat_states"
100306570,"flat_states"
100306571,"flat_states"
100306572,"flat_states"
100306573,"flat_states"
100306574,"flat_states"
100306575,"flat_states"
100306576,"flat_states"
100306577,"flat_states"
100306578,"flat_states"
100306579,"flat_states"
100306580,"flat_states"
100306581,"flat_states"
100306582,"flat_states"
100306584,"flat_states"
100306585,"flat_states"
100306586,"flat_states"
100306587,"flat_states"
100306588,"flat_states"
100306589,"flat_states"
100306590,"flat_states"
100306591,"flat_states"
100306592,"flat_states"
100306593,"flat_states"
100306594,"flat_states"
100306595,"flat_states"
100306596,"flat_states"
100306597,"flat_states"
100306598,"flat_states"
100306599,"flat_states"
100306600,"flat_states"
100306601,"flat_states"
100306602,"flat_states"
100306603,"flat_states"
100306604,"flat_states"
100306605,"flat_states"
100306694,"flat_states"
100306695,"flat_states"
100306696,"flat_states"
100306697,"flat_states"
100306698,"flat_states"
100306699,"flat_states"
100306700,"flat_states"
100306701,"flat_states"
100306702,"flat_states"
100306703,"flat_states"
100306704,"flat_states"
100306705,"flat_states"
100306706,"flat_states"
100306707,"flat_states"
100306708,"flat_states"
100306709,"flat_states"
100309570,"flat_states"
100309571,"flat_states"
100309572,"flat_states"
100309573,"flat_states"
100309574,"flat_states"
100309575,"flat_states"
100309576,"flat_states"
100309577,"flat_states"
100309578,"flat_states"
100309579,"flat_states"
100309580,"flat_states"
100309581,"flat_states"
100309582,"flat_states"
100309583,"flat_states"
100309584,"flat_states"
100309585,"flat_states"
100309586,"flat_states"
100309587,"flat_states"
100309588,"flat_states"
100309589,"flat_states"
100309590,"flat_states"
100309591,"flat_states"
100309592,"flat_states"
100309593,"flat_states"
100309594,"flat_states"
100309595,"flat_states"
100309596,"flat_states"
100309597,"flat_states"
100309598,"flat_states"
100309599,"flat_states"
100309600,"flat_states"
100309601,"flat_states"
100309602,"flat_states"
100309603,"flat_states"
100309604,"flat_states"
100309605,"flat_states"
100309606,"flat_states"
100309607,"flat_states"
100309608,"flat_states"
100309609,"flat_states"
100309610,"flat_states"
100309611,"flat_states"
100309612,"flat_states"
100309613,"flat_states"
100309614,"flat_states"
100309615,"flat_states"
100309616,"flat_states"
100309617,"flat_states"
100309618,"flat_states"
100309619,"flat_states"
100309620,"flat_states"
100309621,"flat_states"
100309622,"flat_states"
100309623,"flat_states"
100309624,"flat_states"
100309625,"flat_states"
100309626,"flat_states"
100309627,"flat_states"
100309628,"flat_states"
100309629,"flat_states"
100309630,"flat_states"
100309631,"flat_states"
100309632,"flat_states"
100309633,"flat_states"
100309634,"flat_states"
100309635,"flat_states"
100309636,"flat_states"
100309637,"flat_states"
100309638,"flat_states"
100309639,"flat_states"
100309640,"flat_states"
100309641,"flat_states"
100309642,"flat_states"
100309643,"flat_states"
100309644,"flat_states"
100309645,"flat_states"
100309646,"flat_states"
100309647,"flat_states"
100309649,"flat_states"
100309650,"flat_states"
100309651,"flat_states"
100309652,"flat_states"
100309653,"flat_states"
100309654,"flat_states"
100309655,"flat_states"
100309656,"flat_states"
100309657,"flat_states"
100309658,"flat_states"
100309659,"flat_states"
100309660,"flat_states"
100309661,"flat_states"
100309662,"flat_states"
100309850,"flat_states"
100309851,"flat_states"
100309852,"flat_states"
100309853,"flat_states"
100309854,"flat_states"
100309855,"flat_states"
100309856,"flat_states"
100309857,"flat_states"
100309858,"flat_states"
100309859,"flat_states"
100309860,"flat_states"
100309861,"flat_states"
100309862,"flat_states"
100309863,"flat_states"
100309864,"flat_states"
100309865,"flat_states"
100309866,"flat_states"
100309867,"flat_states"
100309868,"flat_states"
100309869,"flat_states"
100314439,"flat_states"
100314440,"flat_states"
100314441,"flat_states"
100314442,"flat_states"
100314443,"flat_states"
100314444,"flat_states"
100314445,"flat_states"
100314446,"flat_states"
100314447,"flat_states"
100314448,"flat_states"
100314449,"flat_states"
100314450,"flat_states"
100314451,"flat_states"
100314452,"flat_states"
100314453,"flat_states"
100314454,"flat_states"
100314455,"flat_states"
100314456,"flat_states"
100314676,"flat_states"
100314677,"flat_states"
100314695,"flat_states"
100314696,"flat_states"
100314697,"flat_states"
100314698,"flat_states"
100314699,"flat_states"
100314701,"flat_states"
100314702,"flat_states"
100314703,"flat_states"
100314704,"flat_states"
100314705,"flat_states"
100314706,"flat_states"
100314707,"flat_states"
100314709,"flat_states"
100314710,"flat_states"
100314711,"flat_states"
100314712,"flat_states"
100314738,"flat_states"
100314739,"flat_states"
100314740,"flat_states"
100314741,"flat_states"
100314742,"flat_states"
100314743,"flat_states"
100314744,"flat_states"
100314745,"flat_states"
100314746,"flat_states"
100314747,"flat_states"
100314748,"flat_states"
100314749,"flat_states"
100314750,"flat_states"
100314751,"flat_states"
100314752,"flat_states"
100314753,"flat_states"
100314754,"flat_states"
100314755,"flat_states"
100314756,"flat_states"
100314757,"flat_states"
100314758,"flat_states"
100314759,"flat_states"
100314760,"flat_states"
100314761,"flat_states"
100314762,"flat_states"
100314763,"flat_states"
100314764,"flat_states"
100314765,"flat_states"
100314766,"flat_states"
100314767,"flat_states"
100314768,"flat_states"
100314769,"flat_states"
100314770,"flat_states"
100314771,"flat_states"
100314772,"flat_states"
100314773,"flat_states"
100314774,"flat_states"
100314775,"flat_states"
100314776,"flat_states"
100314777,"flat_states"
100314778,"flat_states"
100314779,"flat_states"
100317720,"flat_states"
100317721,"flat_states"
100317722,"flat_states"
100317723,"flat_states"
100317724,"flat_states"
100317725,"flat_states"
100317726,"flat_states"
100317727,"flat_states"
100317728,"flat_states"
100317729,"flat_states"
100317730,"flat_states"
100317731,"flat_states"
100317732,"flat_states"
100317733,"flat_states"
100317734,"flat_states"
100317735,"flat_states"
100317736,"flat_states"
100317737,"flat_states"
100317738,"flat_states"
100317739,"flat_states"
100317740,"flat_states"
100317741,"flat_states"
100317742,"flat_states"
100317743,"flat_states"
100317744,"flat_states"
100317745,"flat_states"
100317746,"flat_states"
100317747,"flat_states"
100317748,"flat_states"
100317749,"flat_states"
100317750,"flat_states"
100317751,"flat_states"
100317752,"flat_states"
100317753,"flat_states"
100317754,"flat_states"
100317755,"flat_states"
100317756,"flat_states"
100317757,"flat_states"
100317758,"flat_states"
100317759,"flat_states"
100317760,"flat_states"
100317761,"flat_states"
100317762,"flat_states"
100317763,"flat_states"
100317764,"flat_states"
100317765,"flat_states"
100317766,"flat_states"
100317767,"flat_states"
100317768,"flat_states"
100317769,"flat_states"
100317770,"flat_states"
100317771,"flat_states"
100317772,"flat_states"
100317773,"flat_states"
100317774,"flat_states"
100317775,"flat_states"
100317776,"flat_states"
100317777,"flat_states"
100317778,"flat_states"
100317779,"flat_states"
100317780,"flat_states"
100317781,"flat_states"
100317782,"flat_states"
100317783,"flat_states"
100317784,"flat_states"
100317785,"flat_states"
100317786,"flat_states"
100317787,"flat_states"
100317788,"flat_states"
100317789,"flat_states"
100317790,"flat_states"
100317791,"flat_states"
100317792,"flat_states"
100317793,"flat_states"
100317794,"flat_states"
100317795,"flat_states"
100317796,"flat_states"
100317797,"flat_states"
100317798,"flat_states"
100317799,"flat_states"
100317800,"flat_states"
100317801,"flat_states"
100317802,"flat_states"
100322811,"flat_states"
100322812,"flat_states"
100322813,"flat_states"
100322814,"flat_states"
100322815,"flat_states"
100340253,"flat_states"
100340254,"flat_states"
100340255,"flat_states"
100340256,"flat_states"
100340257,"flat_states"
100340258,"flat_states"
100340259,"flat_states"
100340260,"flat_states"
100340261,"flat_states"
100340262,"flat_states"
100340263,"flat_states"
100340264,"flat_states"
100340265,"flat_states"
100340267,"flat_states"
100340268,"flat_states"
100340269,"flat_states"
100340270,"flat_states"
100340271,"flat_states"
100340272,"flat_states"
100340273,"flat_states"
100340274,"flat_states"
100340275,"flat_states"
100340276,"flat_states"
100340277,"flat_states"
100340278,"flat_states"
100340279,"flat_states"
100340280,"flat_states"
100340281,"flat_states"
100340282,"flat_states"
100340283,"flat_states"
100340284,"flat_states"
100340603,"flat_states"
100340604,"flat_states"
100340605,"flat_states"
100340606,"flat_states"
100340607,"flat_states"
100340608,"flat_states"
100340609,"flat_states"
100340610,"flat_states"
100340611,"flat_states"
100340612,"flat_states"
100340613,"flat_states"
100340614,"flat_states"
100340615,"flat_states"
100340616,"flat_states"
100341219,"flat_states"
100341220,"flat_states"
100341221,"flat_states"
100341222,"flat_states"
100341223,"flat_states"
100341226,"flat_states"
100341227,"flat_states"
100341228,"flat_states"
100341240,"flat_states"
100341241,"flat_states"
100341243,"flat_states"
100341244,"flat_states"
100341245,"flat_states"
100341246,"flat_states"
100341247,"flat_states"
100341248,"flat_states"
100341249,"flat_states"
100341250,"flat_states"
100341251,"flat_states"
100341252,"flat_states"
100341437,"flat_states"
100341438,"flat_states"
100341439,"flat_states"
100341440,"flat_states"
100341609,"flat_states"
100341610,"flat_states"
100341611,"flat_states"
100341612,"flat_states"
100341613,"flat_states"
100341614,"flat_states"
100341615,"flat_states"
100341616,"flat_states"
100341617,"flat_states"
100341618,"flat_states"
100341619,"flat_states"
100341620,"flat_states"
100341621,"flat_states"
100341622,"flat_states"
100341890,"flat_states"
100341891,"flat_states"
100341892,"flat_states"
100341893,"flat_states"
100341894,"flat_states"
100341895,"flat_states"
100341896,"flat_states"
100341897,"flat_states"
100341898,"flat_states"
100341900,"flat_states"
100341901,"flat_states"
100341902,"flat_states"
100341903,"flat_states"
100341904,"flat_states"
100341905,"flat_states"
100341906,"flat_states"
100341907,"flat_states"
100341908,"flat_states"
100341909,"flat_states"
100341910,"flat_states"
100341911,"flat_states"
100341912,"flat_states"
100341913,"flat_states"
100341914,"flat_states"
100341915,"flat_states"
100341916,"flat_states"
100341917,"flat_states"
100341993,"flat_states"
100341994,"flat_states"
100341996,"flat_states"
100341997,"flat_states"
100341998,"flat_states"
100341999,"flat_states"
100342000,"flat_states"
100342001,"flat_states"
100342002,"flat_states"
100342003,"flat_states"
100342004,"flat_states"
100342005,"flat_states"
100342006,"flat_states"
100342007,"flat_states"
100342008,"flat_states"
100342009,"flat_states"
100342010,"flat_states"
100342011,"flat_states"
100342012,"flat_states"
100342013,"flat_states"
100342014,"flat_states"
100342015,"flat_states"
100342016,"flat_states"
100342017,"flat_states"
100342018,"flat_states"
100342019,"flat_states"
100342020,"flat_states"
100342183,"flat_states"
100342184,"flat_states"
100342185,"flat_states"
100342186,"flat_states"
100342187,"flat_states"
100342188,"flat_states"
100342189,"flat_states"
100342190,"flat_states"
100342191,"flat_states"
100342192,"flat_states"
100342288,"flat_states"
100342289,"flat_states"
100342298,"flat_states"
100342299,"flat_states"
100342300,"flat_states"
100342301,"flat_states"
100342302,"flat_states"
100342303,"flat_states"
100342304,"flat_states"
100342305,"flat_states"
100342306,"flat_states"
100342307,"flat_states"
100342371,"flat_states"
100342372,"flat_states"
100342373,"flat_states"
100342374,"flat_states"
100342375,"flat_states"
100342376,"flat_states"
100342377,"flat_states"
100342378,"flat_states"
100342459,"flat_states"
100342460,"flat_states"
100342461,"flat_states"
100342462,"flat_states"
100342463,"flat_states"
100342464,"flat_states"
100342465,"flat_states"
100342466,"flat_states"
100342467,"flat_states"
100342468,"flat_states"
100342469,"flat_states"
100342470,"flat_states"
100342664,"flat_states"
100342665,"flat_states"
100342666,"flat_states"
100342667,"flat_states"
100342668,"flat_states"
100342669,"flat_states"
100342670,"flat_states"
100342671,"flat_states"
100342672,"flat_states"
100342673,"flat_states"
100342674,"flat_states"
100342675,"flat_states"
100342676,"flat_states"
100342677,"flat_states"
100342678,"flat_states"
100342679,"flat_states"
100342680,"flat_states"
100342681,"flat_states"
100342682,"flat_states"
100342683,"flat_states"
100342684,"flat_states"
100342976,"flat_states"
100342977,"flat_states"
100342978,"flat_states"
100342979,"flat_states"
100343037,"flat_states"
100343038,"flat_states"
100343039,"flat_states"
100343040,"flat_states"
100343041,"flat_states"
100343042,"flat_states"
100343043,"flat_states"
100343044,"flat_states"
100343045,"flat_states"
100343046,"flat_states"
100343047,"flat_states"
100343048,"flat_states"
100343049,"flat_states"
100343050,"flat_states"
100343051,"flat_states"
100343052,"flat_states"
100343053,"flat_states"
100343054,"flat_states"
100343055,"flat_states"
100343056,"flat_states"
100343057,"flat_states"
100343058,"flat_states"
100343059,"flat_states"
100343060,"flat_states"
100343061,"flat_states"
100343062,"flat_states"
100343064,"flat_states"
100343065,"flat_states"
100343066,"flat_states"
100343067,"flat_states"
100343068,"flat_states"
100343069,"flat_states"
100343070,"flat_states"
100343071,"flat_states"
100343072,"flat_states"
100343073,"flat_states"
100343074,"flat_states"
100343075,"flat_states"
100343076,"flat_states"
100343077,"flat_states"
100343139,"flat_states"
100343140,"flat_states"
100343141,"flat_states"
100343142,"flat_states"
100343143,"flat_states"
100343144,"flat_states"
100343146,"flat_states"
100343147,"flat_states"
100343148,"flat_states"
100343149,"flat_states"
100343150,"flat_states"
100343151,"flat_states"
100343152,"flat_states"
100343153,"flat_states"
100343154,"flat_states"
100343155,"flat_states"
100343156,"flat_states"
100343157,"flat_states"
100343158,"flat_states"
100343159,"flat_states"
100343160,"flat_states"
100343161,"flat_states"
100343162,"flat_states"
100343163,"flat_states"
100343164,"flat_states"
100343165,"flat_states"
100343166,"flat_states"
100343167,"flat_states"
100343168,"flat_states"
100343573,"flat_states"
100343574,"flat_states"
100343575,"flat_states"
100343576,"flat_states"
100343577,"flat_states"
100343600,"flat_states"
100343601,"flat_states"
100343602,"flat_states"
100343603,"flat_states"
100343604,"flat_states"
100343605,"flat_states"
100343606,"flat_states"
100343607,"flat_states"
100343608,"flat_states"
100343609,"flat_states"
100343610,"flat_states"
100343611,"flat_states"
100343612,"flat_states"
100343613,"flat_states"
100343614,"flat_states"
100343615,"flat_states"
100343616,"flat_states"
100343617,"flat_states"
100343618,"flat_states"
100343619,"flat_states"
100343620,"flat_states"
100343621,"flat_states"
100343622,"flat_states"
100343623,"flat_states"
100343624,"flat_states"
100343625,"flat_states"
100343626,"flat_states"
100343627,"flat_states"
100343628,"flat_states"
100343629,"flat_states"
100343630,"flat_states"
100343631,"flat_states"
100343632,"flat_states"
100343633,"flat_states"
100343634,"flat_states"
100343635,"flat_states"
100343636,"flat_states"
100343637,"flat_states"
100343638,"flat_states"
100343639,"flat_states"
100343640,"flat_states"
100343641,"flat_states"
100343642,"flat_states"
100343643,"flat_states"
100343644,"flat_states"
100343645,"flat_states"
100343646,"flat_states"
100343647,"flat_states"
100343648,"flat_states"
100343649,"flat_states"
100343650,"flat_states"
100343651,"flat_states"
100343652,"flat_states"
100343653,"flat_states"
100343654,"flat_states"
100343655,"flat_states"
100343656,"flat_states"
100343657,"flat_states"
100343658,"flat_states"
100343659,"flat_states"
100343660,"flat_states"
100343661,"flat_states"
100343662,"flat_states"
100343663,"flat_states"
100343664,"flat_states"
100343665,"flat_states"
100343666,"flat_states"
100343667,"flat_states"
100343668,"flat_states"
100343669,"flat_states"
100343670,"flat_states"
100343671,"flat_states"
100343672,"flat_states"
100343673,"flat_states"
100343674,"flat_states"
100343675,"flat_states"
100343676,"flat_states"
100350532,"flat_states"
100350533,"flat_states"
100350534,"flat_states"
100350535,"flat_states"
100350536,"flat_states"
100350957,"flat_states"
100350958,"flat_states"
100350959,"flat_states"
100350961,"flat_states"
100350962,"flat_states"
100350963,"flat_states"
100350964,"flat_states"
100350965,"flat_states"
100350966,"flat_states"
100350968,"flat_states"
100350969,"flat_states"
100350970,"flat_states"
100350971,"flat_states"
100350972,"flat_states"
100350973,"flat_states"
100350974,"flat_states"
100350975,"flat_states"
100350976,"flat_states"
100350977,"flat_states"
100350978,"flat_states"
100350979,"flat_states"
100350980,"flat_states"
100351537,"flat_states"
100351538,"flat_states"
100351539,"flat_states"
100351540,"flat_states"
100351541,"flat_states"
100351543,"flat_states"
100351544,"flat_states"
100351545,"flat_states"
100351546,"flat_states"
100351547,"flat_states"
100351548,"flat_states"
100351549,"flat_states"
100351550,"flat_states"
100351551,"flat_states"
100351552,"flat_states"
100351553,"flat_states"
100351554,"flat_states"
100351555,"flat_states"
100351556,"flat_states"
100351557,"flat_states"
100351559,"flat_states"
100351560,"flat_states"
100351561,"flat_states"
100351562,"flat_states"
100351563,"flat_states"
100351564,"flat_states"
100351565,"flat_states"
100351566,"flat_states"
100351567,"flat_states"
100351568,"flat_states"
100351569,"flat_states"
100351570,"flat_states"
100351571,"flat_states"
100351572,"flat_states"
100351573,"flat_states"
100351574,"flat_states"
100351575,"flat_states"
100351576,"flat_states"
100351577,"flat_states"
100351578,"flat_states"
100351579,"flat_states"
100351580,"flat_states"
100351581,"flat_states"
100351582,"flat_states"
100351852,"flat_states"
100351853,"flat_states"
100351854,"flat_states"
100351855,"flat_states"
100351856,"flat_states"
100351857,"flat_states"
100351858,"flat_states"
100351859,"flat_states"
100351860,"flat_states"
100351861,"flat_states"
100351862,"flat_states"
100351863,"flat_states"
100351864,"flat_states"
100351865,"flat_states"
100351866,"flat_states"
100351867,"flat_states"
100351868,"flat_states"
100351869,"flat_states"
100351870,"flat_states"
100351871,"flat_states"
100351872,"flat_states"
100351873,"flat_states"
100351874,"flat_states"
100351875,"flat_states"
100351876,"flat_states"
100351877,"flat_states"
100351878,"flat_states"
100351879,"flat_states"
100351880,"flat_states"
100351881,"flat_states"
100351882,"flat_states"
100351883,"flat_states"
100351884,"flat_states"
100351885,"flat_states"
100351886,"flat_states"
100351887,"flat_states"
100351888,"flat_states"
100351889,"flat_states"
100351890,"flat_states"
100351891,"flat_states"
100351892,"flat_states"
100351893,"flat_states"
100351894,"flat_states"
100351895,"flat_states"
100351896,"flat_states"
100351897,"flat_states"
100351898,"flat_states"
100351899,"flat_states"
100351900,"flat_states"
100351901,"flat_states"
100351902,"flat_states"
100351903,"flat_states"
100351904,"flat_states"
100351905,"flat_states"
100351906,"flat_states"
100351907,"flat_states"
100351908,"flat_states"
100351909,"flat_states"
100351910,"flat_states"
100351911,"flat_states"
100351912,"flat_states"
100351913,"flat_states"
100351914,"flat_states"
100351915,"flat_states"
100351916,"flat_states"
100351917,"flat_states"
100351918,"flat_states"
100351919,"flat_states"
100351920,"flat_states"
100351921,"flat_states"
100351922,"flat_states"
100351923,"flat_states"
100351924,"flat_states"
100351925,"flat_states"
100351926,"flat_states"
100351927,"flat_states"
100351928,"flat_states"
100351929,"flat_states"
100351930,"flat_states"
100351931,"flat_states"
100351932,"flat_states"
100352862,"flat_states"
100352863,"flat_states"
100352864,"flat_states"
100352865,"flat_states"
100352866,"flat_states"
100352867,"flat_states"
100352868,"flat_states"
100352869,"flat_states"
100352870,"flat_states"
100352872,"flat_states"
100352873,"flat_states"
100352874,"flat_states"
100352875,"flat_states"
100352876,"flat_states"
100352877,"flat_states"
100352878,"flat_states"
100352902,"flat_states"
100352903,"flat_states"
100352904,"flat_states"
100352905,"flat_states"
100352906,"flat_states"
100352907,"flat_states"
100352908,"flat_states"
100352909,"flat_states"
100352910,"flat_states"
100352911,"flat_states"
100352912,"flat_states"
100352913,"flat_states"
100352914,"flat_states"
100352915,"flat_states"
100352916,"flat_states"
100352917,"flat_states"
100352918,"flat_states"
100352919,"flat_states"
100352920,"flat_states"
100352921,"flat_states"
100352922,"flat_states"
100352923,"flat_states"
100352924,"flat_states"
100352925,"flat_states"
100352926,"flat_states"
100352927,"flat_states"
100352928,"flat_states"
100352929,"flat_states"
100352930,"flat_states"
100352931,"flat_states"
100356777,"flat_states"
100356778,"flat_states"
100356779,"flat_states"
100356780,"flat_states"
100356781,"flat_states"
100356782,"flat_states"
100356783,"flat_states"
100356784,"flat_states"
100356785,"flat_states"
100356786,"flat_states"
100356787,"flat_states"
100356788,"flat_states"
100356789,"flat_states"
100356790,"flat_states"
100356791,"flat_states"
100356792,"flat_states"
100356793,"flat_states"
100356794,"flat_states"
100356795,"flat_states"
100356796,"flat_states"
100356797,"flat_states"
100356798,"flat_states"
100356799,"flat_states"
100356800,"flat_states"
100356801,"flat_states"
100356802,"flat_states"
100356803,"flat_states"
100356804,"flat_states"
100356805,"flat_states"
100356806,"flat_states"
100356807,"flat_states"
100356808,"flat_states"
100356809,"flat_states"
100356810,"flat_states"
100356811,"flat_states"
100356812,"flat_states"
100356813,"flat_states"
100356814,"flat_states"
100356815,"flat_states"
100356816,"flat_states"
100356817,"flat_states"
100356818,"flat_states"
100356819,"flat_states"
100356820,"flat_states"
100356821,"flat_states"
100356822,"flat_states"
100356823,"flat_states"
100356824,"flat_states"
100356825,"flat_states"
100356826,"flat_states"
100356827,"flat_states"
100356828,"flat_states"
100356829,"flat_states"
100356830,"flat_states"
100356831,"flat_states"
100356832,"flat_states"
100356833,"flat_states"
100356834,"flat_states"
100363309,"flat_states"
100363310,"flat_states"
100363311,"flat_states"
100363312,"flat_states"
100363313,"flat_states"
100363314,"flat_states"
100363315,"flat_states"
100363316,"flat_states"
100363317,"flat_states"
100363318,"flat_states"
100363319,"flat_states"
100363320,"flat_states"
100363321,"flat_states"
100363322,"flat_states"
100363323,"flat_states"
100363324,"flat_states"
100363325,"flat_states"
100363326,"flat_states"
100363327,"flat_states"
100363328,"flat_states"
100363329,"flat_states"
100363330,"flat_states"
100363331,"flat_states"
100363332,"flat_states"
100363333,"flat_states"
100363334,"flat_states"
100363335,"flat_states"
100363966,"flat_states"
100363967,"flat_states"
100363968,"flat_states"
100363969,"flat_states"
100363970,"flat_states"
100363971,"flat_states"
100363972,"flat_states"
100363973,"flat_states"
100363974,"flat_states"
100363976,"flat_states"
100363977,"flat_states"
100363978,"flat_states"
100363979,"flat_states"
100363980,"flat_states"
100363981,"flat_states"
100363982,"flat_states"
100363983,"flat_states"
100363984,"flat_states"
100363985,"flat_states"
100363986,"flat_states"
100363987,"flat_states"
100363988,"flat_states"
100363989,"flat_states"
100363990,"flat_states"
100363991,"flat_states"
100363992,"flat_states"
100363993,"flat_states"
100363994,"flat_states"
100364200,"flat_states"
100364201,"flat_states"
100364202,"flat_states"
100364203,"flat_states"
100364204,"flat_states"
100364205,"flat_states"
100364206,"flat_states"
100364207,"flat_states"
100364208,"flat_states"
100364209,"flat_states"
100364210,"flat_states"
100364211,"flat_states"
100364212,"flat_states"
100364213,"flat_states"
100364214,"flat_states"
100364215,"flat_states"
100364216,"flat_states"
100364217,"flat_states"
100364218,"flat_states"
100364219,"flat_states"
100364220,"flat_states"
100364221,"flat_states"
100364222,"flat_states"
100364223,"flat_states"
100364224,"flat_states"
100364225,"flat_states"
100364226,"flat_states"
100364227,"flat_states"
100364228,"flat_states"
100364229,"flat_states"
100364230,"flat_states"
100364231,"flat_states"
100364232,"flat_states"
100364233,"flat_states"
100364234,"flat_states"
100364235,"flat_states"
100364236,"flat_states"
100364237,"flat_states"
100364238,"flat_states"
100364239,"flat_states"
100364240,"flat_states"
100364241,"flat_states"
100364242,"flat_states"
100364243,"flat_states"
100364244,"flat_states"
100364245,"flat_states"
100364246,"flat_states"
100364247,"flat_states"
100364248,"flat_states"
100364249,"flat_states"
100364250,"flat_states"
100367400,"flat_states"
100367401,"flat_states"
100367402,"flat_states"
100367403,"flat_states"
100367404,"flat_states"
100367405,"flat_states"
100367406,"flat_states"
100367407,"flat_states"
100367408,"flat_states"
100367409,"flat_states"
100367410,"flat_states"
100367411,"flat_states"
100367412,"flat_states"
100367413,"flat_states"
100367577,"flat_states"
100367578,"flat_states"
100367579,"flat_states"
100367580,"flat_states"
100367581,"flat_states"
100367582,"flat_states"
100367584,"flat_states"
100367585,"flat_states"
100367586,"flat_states"
100367587,"flat_states"
100367588,"flat_states"
100367589,"flat_states"
100367590,"flat_states"
100367591,"flat_states"
100367592,"flat_states"
100367593,"flat_states"
100367594,"flat_states"
100367595,"flat_states"
100367596,"flat_states"
100367597,"flat_states"
100367598,"flat_states"
100367599,"flat_states"
100367600,"flat_states"
100367601,"flat_states"
100367602,"flat_states"
100367603,"flat_states"
100367604,"flat_states"
100367605,"flat_states"
100367606,"flat_states"
100367607,"flat_states"
100367608,"flat_states"
100367948,"flat_states"
100367949,"flat_states"
100367950,"flat_states"
100367951,"flat_states"
100367952,"flat_states"
100367954,"flat_states"
100367955,"flat_states"
100367956,"flat_states"
100367978,"flat_states"
100367979,"flat_states"
100367980,"flat_states"
100367981,"flat_states"
100367982,"flat_states"
100367983,"flat_states"
100367984,"flat_states"
100367985,"flat_states"
100367986,"flat_states"
100367987,"flat_states"
100367988,"flat_states"
100367989,"flat_states"
100367990,"flat_states"
100367991,"flat_states"
100367992,"flat_states"
100367993,"flat_states"
100367994,"flat_states"
100367995,"flat_states"
100367996,"flat_states"
100367997,"flat_states"
100367998,"flat_states"
100367999,"flat_states"
100368000,"flat_states"
100368001,"flat_states"
100368002,"flat_states"
100368003,"flat_states"
100368004,"flat_states"
100368005,"flat_states"
100368006,"flat_states"
100368007,"flat_states"
100368008,"flat_states"
100368009,"flat_states"
100368010,"flat_states"
100368011,"flat_states"
100368012,"flat_states"
100368013,"flat_states"
100368014,"flat_states"
100368015,"flat_states"
100368016,"flat_states"
100368017,"flat_states"
100368018,"flat_states"
100368019,"flat_states"
100368020,"flat_states"
100368021,"flat_states"
100368022,"flat_states"
100368023,"flat_states"
100368024,"flat_states"
100368025,"flat_states"
100368026,"flat_states"
100368027,"flat_states"
100368028,"flat_states"
100368029,"flat_states"
100368030,"flat_states"
100368031,"flat_states"
100368032,"flat_states"
100368033,"flat_states"
100368034,"flat_states"
100368035,"flat_states"
100368036,"flat_states"
100368037,"flat_states"
100368038,"flat_states"
100368039,"flat_states"
100368040,"flat_states"
100379915,"flat_states"
100379916,"flat_states"
100379917,"flat_states"
100379918,"flat_states"
100379919,"flat_states"
100379920,"flat_states"
100379985,"flat_states"
100379986,"flat_states"
100379987,"flat_states"
100379994,"flat_states"
100379995,"flat_states"
100379996,"flat_states"
100379997,"flat_states"
100379998,"flat_states"
100379999,"flat_states"
100380000,"flat_states"
100380001,"flat_states"
100380002,"flat_states"
100380003,"flat_states"
100380004,"flat_states"
100380049,"flat_states"
100380050,"flat_states"
100380054,"flat_states"
100380055,"flat_states"
100380056,"flat_states"
100380057,"flat_states"
100380058,"flat_states"
100380059,"flat_states"
100380060,"flat_states"
100380092,"flat_states"
100380093,"flat_states"
100380094,"flat_states"
100380095,"flat_states"
100380096,"flat_states"
100380100,"flat_states"
100380101,"flat_states"
100380102,"flat_states"
100380103,"flat_states"
100380104,"flat_states"
100380105,"flat_states"
100380106,"flat_states"
100380107,"flat_states"
100380108,"flat_states"
100380109,"flat_states"
100380110,"flat_states"
100380111,"flat_states"
100380112,"flat_states"
100380113,"flat_states"
100380114,"flat_states"
100380115,"flat_states"
100380116,"flat_states"
100380117,"flat_states"
100380118,"flat_states"
100380119,"flat_states"
100380120,"flat_states"
100380455,"flat_states"
100380456,"flat_states"
100380457,"flat_states"
100380458,"flat_states"
100380459,"flat_states"
100380460,"flat_states"
100380461,"flat_states"
100380462,"flat_states"
100380463,"flat_states"
100385028,"flat_states"
100385029,"flat_states"
100385030,"flat_states"
100385031,"flat_states"
100385032,"flat_states"
100385033,"flat_states"
100385034,"flat_states"
100385035,"flat_states"
100385036,"flat_states"
100385037,"flat_states"
100385111,"flat_states"
100385112,"flat_states"
100385113,"flat_states"
100385114,"flat_states"
100385115,"flat_states"
100385116,"flat_states"
100385117,"flat_states"
100385118,"flat_states"
100385119,"flat_states"
100385120,"flat_states"
100385186,"flat_states"
100385187,"flat_states"
100385188,"flat_states"
100385189,"flat_states"
100385190,"flat_states"
100385191,"flat_states"
100385192,"flat_states"
100385193,"flat_states"
100385194,"flat_states"
100385195,"flat_states"
100385196,"flat_states"
100385197,"flat_states"
100385198,"flat_states"
100385199,"flat_states"
100385200,"flat_states"
100385201,"flat_states"
100385202,"flat_states"
100385203,"flat_states"
100385204,"flat_states"
100385205,"flat_states"
100385206,"flat_states"
100385207,"flat_states"
100385208,"flat_states"
100385209,"flat_states"
100385210,"flat_states"
100385211,"flat_states"
100385212,"flat_states"
100385213,"flat_states"
100385214,"flat_states"
100385215,"flat_states"
100385216,"flat_states"
100385217,"flat_states"
100385218,"flat_states"
100385219,"flat_states"
100385220,"flat_states"
100385221,"flat_states"
100385222,"flat_states"
100385223,"flat_states"
100385224,"flat_states"
100385225,"flat_states"
100385226,"flat_states"
100385227,"flat_states"
100385228,"flat_states"
100385229,"flat_states"
100385230,"flat_states"
100385231,"flat_states"
100385232,"flat_states"
100385233,"flat_states"
100386741,"flat_states"
